project_id,status,project_name,assigned_organization_code,assigned_at,superseded_by_project_id
HRL-001,eligible,McCormack-Williamson Tract (Phase B),DWR,2026-08-24,
HRL-002,eligible,Grizzly Slough Floodplain Restoration,DWR,2026-08-24,
HRL-003,eligible,Lower Elkhorn Basin Levee Setback,DWR,2026-08-24,
HRL-004,eligible,Kopta Slough Multi-Benefit Project,DWR,2026-08-24,
HRL-005,eligible,Dos Rios Norte,DWR,2026-08-24,
HRL-006,eligible,Tisdale Weir Reoperation,DWR,2026-08-24,
HRL-007,eligible,Agricultural Road Crossing #4 Improvements,DWR,2026-08-24,
HRL-008,eligible,Prospect Island Tidal Habitat Restoration Project,DWR,2026-08-24,
HRL-009,eligible,Little Egbert Multi-Benefit Project,DWR,2026-08-24,
HRL-010,eligible,Tide's End Multibenefit Restoration Project,DWR,2026-08-24,
HRL-011,eligible,Dutch Slough Tidal Restoration Project (Phase 2),DWR,2026-08-24,
HRL-012,eligible,Feather River Salmonid Spawning Habitat Improvement (2024),DWR,2026-08-24,
HRL-013,eligible,Feather River Salmonid Spawning Habitat Improvement (Proposition 68),DWR,2026-08-24,
HRL-014,eligible,Mokelumne River Day Use Area Large Floodplain Project,EBMUD,2026-08-24,
HRL-015,eligible,Mokelumne River Gravel Maintenance Project (Early Implementation),EBMUD,2026-08-24,
HRL-016,eligible,Mokelumne River Floodplain Restoration Project (Early Implementation),EBMUD,2026-08-24,
HRL-017,eligible,Mokelumne River Conservation Easement Large Floodplain Restoration Project,EBMUD,2026-08-24,
HRL-018,eligible,Mokelumne River In-Channel Rearing Habitat Restoration Project,EBMUD,2026-08-24,
HRL-019,eligible,Mokelumne River Gravel Maintenance Project,EBMUD,2026-08-24,
HRL-020,eligible,Oroville Wildlife Area River Restoration Project at Robinson's Riffle,SBFCA,2026-08-24,
HRL-021,eligible,Nishikawa on Putah Creek,SCWA,2026-08-24,
HRL-022,eligible,Putah Gravel Augmentation and Scarification,SCWA,2026-08-24,
HRL-023,eligible,Putah Creek fish passage at Los Rios Check Dam,SCWA,2026-08-24,
HRL-024,eligible,Putah Creek fish passage at County Rd 106a,SCWA,2026-08-24,
HRL-025,eligible,Upstream of Old LaGrange Bridge Restoration Project,SFPUC,2026-08-24,
HRL-026,eligible,Powerhouse Riffles Restoration Project,SFPUC,2026-08-24,
HRL-027,eligible,Nimbus Basin,WF,2026-08-24,
HRL-028,eligible,Upper Sailor Bar,WF,2026-08-24,
HRL-029,eligible,Lower Sailor Bar,WF,2026-08-24,
HRL-030,eligible,Ancil Hoffman,WF,2026-08-24,
HRL-031,eligible,Upper River Bend (Phase 1),WF,2026-08-24,
HRL-032,eligible,River Bend,WF,2026-08-24,
HRL-033,eligible,Hallwood Side Channel and Floodplain Restoration Project,YWA,2026-08-24,
HRL-034,eligible,Lower Long Bar Habitat Enhancement Project,YWA,2026-08-24,
HRL-035,eligible,Upper Long Bar Habitat Enhancement Project,YWA,2026-08-24,
HRL-036,eligible,Upper Rose Bar Habitat Enhancement Project,YWA,2026-08-24,
