source_revision,actor,action,project_id,reason
2026-08-24,Lucy Andrews,allocated,HRL-001,Initial program assignment for an existing standardized restoration project.
2026-08-24,Lucy Andrews,allocated,HRL-002,Initial program assignment for an existing standardized restoration project.
2026-08-24,Lucy Andrews,allocated,HRL-003,Initial program assignment for an existing standardized restoration project.
2026-08-24,Lucy Andrews,allocated,HRL-004,Initial program assignment for an existing standardized restoration project.
2026-08-24,Lucy Andrews,allocated,HRL-005,Initial program assignment for an existing standardized restoration project.
2026-08-24,Lucy Andrews,allocated,HRL-006,Initial program assignment for an existing standardized restoration project.
2026-08-24,Lucy Andrews,allocated,HRL-007,Initial program assignment for an existing standardized restoration project.
2026-08-24,Lucy Andrews,allocated,HRL-008,Initial program assignment for an existing standardized restoration project.
2026-08-24,Lucy Andrews,allocated,HRL-009,Initial program assignment for an existing standardized restoration project.
2026-08-24,Lucy Andrews,allocated,HRL-010,Initial program assignment for an existing standardized restoration project.
2026-08-24,Lucy Andrews,allocated,HRL-011,Initial program assignment for an existing standardized restoration project.
2026-08-24,Lucy Andrews,allocated,HRL-012,Initial program assignment for an existing standardized restoration project.
2026-08-24,Lucy Andrews,allocated,HRL-013,Initial program assignment for an existing standardized restoration project.
2026-08-24,Lucy Andrews,allocated,HRL-014,Initial program assignment for an existing standardized restoration project.
2026-08-24,Lucy Andrews,allocated,HRL-015,Initial program assignment for an existing standardized restoration project.
2026-08-24,Lucy Andrews,allocated,HRL-016,Initial program assignment for an existing standardized restoration project.
2026-08-24,Lucy Andrews,allocated,HRL-017,Initial program assignment for an existing standardized restoration project.
2026-08-24,Lucy Andrews,allocated,HRL-018,Initial program assignment for an existing standardized restoration project.
2026-08-24,Lucy Andrews,allocated,HRL-019,Initial program assignment for an existing standardized restoration project.
2026-08-24,Lucy Andrews,allocated,HRL-020,Initial program assignment for an existing standardized restoration project.
2026-08-24,Lucy Andrews,allocated,HRL-021,Initial program assignment for an existing standardized restoration project.
2026-08-24,Lucy Andrews,allocated,HRL-022,Initial program assignment for an existing standardized restoration project.
2026-08-24,Lucy Andrews,allocated,HRL-023,Initial program assignment for an existing standardized restoration project.
2026-08-24,Lucy Andrews,allocated,HRL-024,Initial program assignment for an existing standardized restoration project.
2026-08-24,Lucy Andrews,allocated,HRL-025,Initial program assignment for an existing standardized restoration project.
2026-08-24,Lucy Andrews,allocated,HRL-026,Initial program assignment for an existing standardized restoration project.
2026-08-24,Lucy Andrews,allocated,HRL-027,Initial program assignment for an existing standardized restoration project.
2026-08-24,Lucy Andrews,allocated,HRL-028,Initial program assignment for an existing standardized restoration project.
2026-08-24,Lucy Andrews,allocated,HRL-029,Initial program assignment for an existing standardized restoration project.
2026-08-24,Lucy Andrews,allocated,HRL-030,Initial program assignment for an existing standardized restoration project.
2026-08-24,Lucy Andrews,allocated,HRL-031,Initial program assignment for an existing standardized restoration project.
2026-08-24,Lucy Andrews,allocated,HRL-032,Initial program assignment for an existing standardized restoration project.
2026-08-24,Lucy Andrews,allocated,HRL-033,Initial program assignment for an existing standardized restoration project.
2026-08-24,Lucy Andrews,allocated,HRL-034,Initial program assignment for an existing standardized restoration project.
2026-08-24,Lucy Andrews,allocated,HRL-035,Initial program assignment for an existing standardized restoration project.
2026-08-24,Lucy Andrews,allocated,HRL-036,Initial program assignment for an existing standardized restoration project.
